<?xml version="1.0" encoding="UTF-8"?><root title="Autorización lineas reporto" uri="http://www.documenter.swb#swp_Process:Autorizacion_lineas_reporto">
	<section className="Format" title="Formato" uri="http://www.documenter.swb#swpdoc_DocumentSectionInstance:1923" url="Format1923"/>
	<section className="FreeText" title="Glosario" uri="http://www.documenter.swb#swpdoc_DocumentSectionInstance:1921" url="FreeText1921">
		<instance className="FreeText" count="1" id="1139" uri="http://www.documenter.swb#swpdoc_FreeText:1139">&lt;!DOCTYPE html&gt;
&lt;html&gt;
 &lt;head&gt; 
 &lt;/head&gt; 
 &lt;body&gt; 
  &lt;p&gt;&lt;img src="/work/models/documenter/uploader/image1.png" alt="" width="200" height="200"&gt;&lt;img src="/work/models/documenter/uploader/image1.png" alt="" width="704" height="548"&gt;&lt;/p&gt; 
  &lt;p&gt;es la imagenwe we we&lt;/p&gt;  
 &lt;/body&gt;
&lt;/html&gt;</instance></section>
	<section className="Indicator" title="Indicadores" uri="http://www.documenter.swb#swpdoc_DocumentSectionInstance:1924" url="Indicator1924"/>
	<section className="Activity" title="Actividades" uri="http://www.documenter.swb#swpdoc_DocumentSectionInstance:1925" url="Activity1925">
		<instance className="Activity" count="1" fill="" id="2539" related="false" uri="http://www.documenter.swb#swpdoc_Activity:1830"><property propid="swb:title" title="Título">17. Remitir el Estudio para Autorización de Líneas de Reporto, </property><property propid="swb:description" title="Descripción">&lt;!DOCTYPE html&gt;
&lt;html&gt;
 &lt;head&gt; 
 &lt;/head&gt; 
 &lt;body&gt; 
  &lt;p&gt;&amp;nbsp;&lt;img src="/work/models/documenter/uploader/comprobane acta.png" alt="" width="400" height="400"&gt;&lt;/p&gt; 
  &lt;p&gt;&amp;nbsp;&lt;/p&gt; 
  &lt;p&gt;&amp;nbsp;&lt;/p&gt;  
 &lt;/body&gt;
&lt;/html&gt;</property></instance>
		<instance className="Activity" count="2" id="1829" uri="http://www.documenter.swb#swpdoc_Activity:1829"><property propid="swb:title" title="Título">23. Generar acuerdo </property><property propid="swb:description" title="Descripción"/></instance></section></root>