<?xml version="1.0" encoding="UTF-8"?><root title="Solicitud de Vacaciones" uri="http://www.documenter.swb#swp_Process:Solicitud_de_Vacaciones">
	<section className="Format" title="Formato" uri="http://www.documenter.swb#swpdoc_DocumentSectionInstance:1914" url="Format1914">
		<instance className="Format" count="1" id="447" uri="http://www.documenter.swb#swpdoc_Format:447"><property propid="swb:title" title="Título">Formato uno - Versión 2</property><property propid="swb:description" title="Descripción">V 2</property><property propid="swpdoc:file" title="Archivo">&lt;a target="_blank" href="/es/documenter/Repository/_rid/56/_mto/3/_mod/getFile?fid=476&amp;verNum=1"&gt;Formato uno - Versión 1 &lt;i class="fa fa-download"&gt;&lt;/i&gt;&lt;/a&gt;</property></instance>
		<instance className="Format" count="2" id="448" uri="http://www.documenter.swb#swpdoc_Format:448"><property propid="swb:title" title="Título">Google</property><property propid="swb:description" title="Descripción"></property><property propid="swpdoc:file" title="Archivo">&lt;a target="_blank" href="http://google.com"&gt;Google &lt;i class="fa fa-external-link"&gt;&lt;/i&gt;&lt;/a&gt;</property></instance>
		<instance className="Format" count="3" id="449" uri="http://www.documenter.swb#swpdoc_Format:449"><property propid="swb:title" title="Título">Uno de word</property><property propid="swb:description" title="Descripción"></property><property propid="swpdoc:file" title="Archivo">&lt;a target="_blank" href="/es/documenter/Repository/_rid/56/_mto/3/_mod/getFile?fid=477&amp;verNum=1"&gt;Uno de word &lt;i class="fa fa-download"&gt;&lt;/i&gt;&lt;/a&gt;</property></instance></section>
	<section className="FreeText" title="Glosario" uri="http://www.documenter.swb#swpdoc_DocumentSectionInstance:1915" url="FreeText1915">
		<instance className="FreeText" count="1" id="1137" uri="http://www.documenter.swb#swpdoc_FreeText:1137">&lt;!DOCTYPE html&gt;
&lt;html&gt;
&lt;head&gt;
&lt;/head&gt;
&lt;body&gt;
&lt;p&gt;hello&lt;/p&gt;
&lt;/body&gt;
&lt;/html&gt;</instance></section>
	<section className="Activity" title="Actividades" uri="http://www.documenter.swb#swpdoc_DocumentSectionInstance:1919" url="Activity1919">
		<instance className="Activity" count="1" fill="" id="210" related="true" uri="http://www.documenter.swb#swpdoc_Activity:1789"><property propid="swb:title" title="Título">Enviar Correo de Rechazo</property><property propid="swb:description" title="Descripción">&lt;!DOCTYPE html&gt;
&lt;html&gt;
&lt;head&gt;
&lt;/head&gt;
&lt;body&gt;
&lt;p&gt;El sistema devuelve el mensaje que intentas enviar dentro o fuera del dominio y aparece el error "Se ha rechazado el mensaje" junto con un enlace al art&amp;iacute;culo pertinente del Centro de asistencia. El mensaje no se ha enviado a ning&amp;uacute;n usuario y tampoco se sabe el motivo por el cual el sistema lo devuelve.&lt;/p&gt;
&lt;p&gt;&lt;strong&gt;&amp;iquest;Por qu&amp;eacute; ocurre esto?&lt;/strong&gt;&amp;nbsp;&amp;nbsp;Los filtros de spam autom&amp;aacute;ticos para correo saliente marcan el mensaje como spam bas&amp;aacute;ndose en las caracter&amp;iacute;sticas de tu cuenta o en el contenido del mensaje. Esto provoca que los servidores de correo del destinatario lo rechacen. Contamos con un sistema de protecci&amp;oacute;n autom&amp;aacute;tico para asegurarnos de que en Google Apps no se registren cuentas spam ni se env&amp;iacute;e correo de este tipo.&lt;/p&gt;
&lt;/body&gt;
&lt;/html&gt;</property><documentSection title="Formato" uri="http://www.documenter.swb#swpdoc_DocumentSection:180" url="related180act1789"><related className="Format" count="0" uri="http://www.documenter.swb#swpdoc_Format:447"><relatedprop propid="swb:title" title="Título">Formato uno - Versión 2</relatedprop><relatedprop propid="swb:description" title="Descripción">V 2</relatedprop><relatedprop propid="swpdoc:file" title="Archivo">&lt;a target="_blank" href="/es/documenter/Repository/_rid/56/_mto/3/_mod/getFile?fid=476&amp;verNum=1"&gt;Formato uno - Versión 1 &lt;i class="fa fa-download"&gt;&lt;/i&gt;&lt;/a&gt;</relatedprop></related><related className="Format" count="1" uri="http://www.documenter.swb#swpdoc_Format:448"><relatedprop propid="swb:title" title="Título">Google</relatedprop><relatedprop propid="swb:description" title="Descripción"></relatedprop><relatedprop propid="swpdoc:file" title="Archivo">&lt;a target="_blank" href="http://google.com"&gt;Google &lt;i class="fa fa-external-link"&gt;&lt;/i&gt;&lt;/a&gt;</relatedprop></related><related className="Format" count="2" uri="http://www.documenter.swb#swpdoc_Format:449"><relatedprop propid="swb:title" title="Título">Uno de word</relatedprop><relatedprop propid="swb:description" title="Descripción"></relatedprop><relatedprop propid="swpdoc:file" title="Archivo">&lt;a target="_blank" href="/es/documenter/Repository/_rid/56/_mto/3/_mod/getFile?fid=477&amp;verNum=1"&gt;Uno de word &lt;i class="fa fa-download"&gt;&lt;/i&gt;&lt;/a&gt;</relatedprop></related></documentSection></instance>
		<instance className="Activity" count="2" fill="" id="209" related="false" uri="http://www.documenter.swb#swpdoc_Activity:1788"><property propid="swb:title" title="Título">Enviar Correo de Aprobacióán</property><property propid="swb:description" title="Descripción">&lt;!DOCTYPE html&gt;
&lt;html&gt;
&lt;head&gt;
&lt;/head&gt;
&lt;body&gt;
&lt;ol class="steps"&gt;
&lt;li class="stepwrap"&gt;&lt;span class="stepnumber"&gt;1&lt;/span&gt;
&lt;div class="stepmeat"&gt;
&lt;p class="intelliTXT"&gt;Ve a la p&amp;aacute;gina de plantillas de "Orden de Compra y Venta" de Microsoft Office y selecciona una plantilla. Aseg&amp;uacute;rate de que puedas abrir, editar y guardar la plantilla en un programa en tu computadora. Crea plantillas utilizando Microsoft Excel, Microsoft Word u otro programa aplicable.&lt;/p&gt;
&lt;/div&gt;
&lt;/li&gt;
&lt;li class="stepwrap"&gt;&lt;span class="stepnumber"&gt;2&lt;/span&gt;
&lt;div class="stepmeat"&gt;
&lt;p class="intelliTXT"&gt;Selecciona "Abrir" al hacer clic en el bot&amp;oacute;n "Descargar" de la plantilla seleccionada para abrirla en el programa designado. Personaliza la plantilla para satisfacer tus necesidades y gu&amp;aacute;rdala en tu computadora.&lt;/p&gt;
&lt;/div&gt;
&lt;/li&gt;
&lt;li class="stepwrap"&gt;&lt;span class="stepnumber"&gt;3&lt;/span&gt;
&lt;div class="stepmeat"&gt;
&lt;p class="intelliTXT"&gt;Crea y guarda tu propia plantilla personalizada si no te gusta ninguna de las plantillas disponibles en Microsoft. Si es necesario, puedes utilizar las plantillas de Microsoft como una gu&amp;iacute;a.&lt;/p&gt;
&lt;/div&gt;
&lt;/li&gt;
&lt;/ol&gt;
&lt;/body&gt;
&lt;/html&gt;</property></instance>
		<instance className="Activity" count="3" fill="" id="1345" related="false" uri="http://www.documenter.swb#swpdoc_Activity:1787"><property propid="swb:title" title="Título">Valida RH</property><property propid="swb:description" title="Descripción"></property></instance>
		<instance className="Activity" count="4" fill="" id="1344" related="false" uri="http://www.documenter.swb#swpdoc_Activity:1786"><property propid="swb:title" title="Título">Aprueba Jefe</property><property propid="swb:description" title="Descripción"></property></instance>
		<instance className="Activity" count="5" fill="" id="1343" related="false" uri="http://www.documenter.swb#swpdoc_Activity:1785"><property propid="swb:title" title="Título">Solicita Empleado</property><property propid="swb:description" title="Descripción">&lt;!DOCTYPE html&gt;
&lt;html&gt;
&lt;head&gt;
&lt;/head&gt;
&lt;body&gt;
&lt;h2 class="sectiontitle"&gt;Env&amp;iacute;a una orden de compra&lt;/h2&gt;
&lt;ol class="steps"&gt;
&lt;li class="stepwrap"&gt;&lt;span class="stepnumber"&gt;1&lt;/span&gt;
&lt;div class="stepmeat"&gt;
&lt;p class="intelliTXT"&gt;Abre Microsoft Outlook y haz clic en el bot&amp;oacute;n "Nuevo" en la esquina superior izquierda para abrir un nuevo mensaje.&lt;/p&gt;
&lt;/div&gt;
&lt;/li&gt;
&lt;li class="stepwrap"&gt;&lt;span class="stepnumber"&gt;2&lt;/span&gt;
&lt;div class="stepmeat"&gt;
&lt;p class="intelliTXT"&gt;Ve a la pesta&amp;ntilde;a "Insertar". Haz clic en "Adjuntar archivo" y navega hasta la orden de compra para seleccionarla. Haz clic en el bot&amp;oacute;n "Insertar" para adjuntarla al correo electr&amp;oacute;nico.&lt;/p&gt;
&lt;/div&gt;
&lt;/li&gt;
&lt;li class="stepwrap"&gt;&lt;span class="stepnumber"&gt;3&lt;/span&gt;
&lt;div class="stepmeat"&gt;
&lt;p class="intelliTXT"&gt;Ajusta el tama&amp;ntilde;o de la fuente a 14 y el color de fuente a negro. Escribe "He revisado y aprobado la orden de compra que se adjunta:". Inicia una nueva l&amp;iacute;nea.&lt;/p&gt;
&lt;/div&gt;
&lt;/li&gt;
&lt;li class="stepwrap"&gt;&lt;span class="stepnumber"&gt;4&lt;/span&gt;
&lt;div class="stepmeat"&gt;
&lt;p class="intelliTXT"&gt;Ajusta el tama&amp;ntilde;o de la fuente a 11 y el color de fuente a gris. Escribe "Revisa la orden de compra adjunta y responde a este correo electr&amp;oacute;nico. Escribe a continuaci&amp;oacute;n "Y-[Tu nombre]" para aprobar la orden de compra o "N-[Tu Nombre]" para rechazar la orden de compra. Nota: La respuesta debe venir de la cuenta de correo electr&amp;oacute;nico a la que se envi&amp;oacute;.&lt;/p&gt;
&lt;/div&gt;
&lt;/li&gt;
&lt;li class="stepwrap"&gt;&lt;span class="stepnumber"&gt;5&lt;/span&gt;
&lt;div class="stepmeat"&gt;
&lt;p class="intelliTXT"&gt;Salta cuatro l&amp;iacute;neas y establece el tama&amp;ntilde;o de la fuente a 14 y el color de fuente a negro. Escribe "[ ] No estoy autorizado para aprobar esta orden de compra". Inicia una nueva l&amp;iacute;nea.&lt;/p&gt;
&lt;/div&gt;
&lt;/li&gt;
&lt;li class="stepwrap"&gt;&lt;span class="stepnumber"&gt;6&lt;/span&gt;
&lt;div class="stepmeat"&gt;
&lt;p class="intelliTXT"&gt;Ajusta el tama&amp;ntilde;o de la fuente a 11 y el color de fuente a gris. Escribe "Responde al remitente. Marca con una X en el campo de arriba, si no est&amp;aacute;s autorizado para aprobar esta orden de compra y si sabe qui&amp;eacute;n es el que aprueba, incluye el nombre, por ejemplo, [X - Bill Smith]".&lt;/p&gt;
&lt;/div&gt;
&lt;/li&gt;
&lt;/ol&gt;
&lt;/body&gt;
&lt;/html&gt;</property></instance></section>
	<model>        &lt;link href="/swbadmin/jsp/process/modeler/images/modelerFrame.css" rel="stylesheet" type="text/css"&gt;&lt;/link&gt;
        &lt;script type="text/javascript" src="/swbadmin/jsp/process/modeler/toolkit.js"&gt;&lt;/script&gt;
        &lt;script type="text/javascript" src="/swbadmin/jsp/process/modeler/modeler.js"&gt;&lt;/script&gt;
&lt;ul class="list-unstyled list-inline hidden-print text-center"&gt;
    &lt;li&gt;
        &lt;a href="#" class="btn btn-default" data-placement="bottom" data-toggle="tooltip" data-original-title="Zoom in" onclick="zoomin();return false;"&gt;&lt;i class="fa fa-search-plus"&gt;&lt;/i&gt;&lt;/a&gt;
    &lt;/li&gt;
    &lt;li&gt;
        &lt;a href="#" class="btn btn-default" data-placement="bottom" data-toggle="tooltip" data-original-title="Zoom out" onclick="zoomout();return false;"&gt;&lt;i class="fa fa-search-minus"&gt;&lt;/i&gt;&lt;/a&gt;
    &lt;/li&gt;
    &lt;li&gt;
        &lt;a href="#" class="btn btn-default" data-placement="bottom" data-toggle="tooltip" data-original-title="Reset zoom" onclick="resetZoom();return false;"&gt;&lt;i class="fa fa-desktop"&gt;&lt;/i&gt;&lt;/a&gt;
    &lt;/li&gt;
    &lt;li&gt;
        &lt;a href="#" class="btn btn-default" data-placement="bottom" data-toggle="tooltip" data-original-title="Pan left" onclick="handlePanning('left');return false;"&gt;&lt;i class="fa fa-arrow-left"&gt;&lt;/i&gt;&lt;/a&gt;
    &lt;/li&gt;
    &lt;li&gt;
        &lt;a href="#" class="btn btn-default" data-placement="bottom" data-toggle="tooltip" data-original-title="Pan down" onclick="handlePanning('down');return false;"&gt;&lt;i class="fa fa-arrow-down"&gt;&lt;/i&gt;&lt;/a&gt;
    &lt;/li&gt;
    &lt;li&gt;
        &lt;a href="#" class="btn btn-default" data-placement="bottom" data-toggle="tooltip" data-original-title="Pan up" onclick="handlePanning('up');return false;"&gt;&lt;i class="fa fa-arrow-up"&gt;&lt;/i&gt;&lt;/a&gt;
    &lt;/li&gt;
    &lt;li&gt;
        &lt;a href="#" class="btn btn-default" data-placement="bottom" data-toggle="tooltip" data-original-title="Pan right" onclick="handlePanning('right');return false;"&gt;&lt;i class="fa fa-arrow-right"&gt;&lt;/i&gt;&lt;/a&gt;
    &lt;/li&gt;
    &lt;li&gt;
        &lt;a href="#" class="btn btn-default" data-placement="bottom" data-toggle="tooltip" data-original-title="Descargar PNG" onclick="submit_download_form('png');"&gt;&lt;i class="fa fa-file-image-o"&gt;&lt;/i&gt;&lt;/a&gt;
    &lt;/li&gt;
    &lt;li&gt;
        &lt;a href="#" class="btn btn-default" data-placement="bottom" data-toggle="tooltip" data-original-title="Descargar SVG" onclick="submit_download_form('svg');"&gt;&lt;i class="fa fa-file-code-o"&gt;&lt;/i&gt;&lt;/a&gt;
    &lt;/li&gt;
&lt;/ul&gt;
              &lt;svg id="modeler" xmlns="http://www.w3.org/2000/svg" xmlns:xlink="http://www.w3.org/1999/xlink" width="100" height="100" viewBox="0 0 1200 800" class="modeler"&gt;
                &lt;style type="text/css"&gt;&lt;![CDATA[
                    /*.resizeBox {
                        stroke:#008000;
                        fill:url(#linearGradientStartEvent);
                        stroke-width:1.5;  
                    }*/
                    .task {
                        stroke:#79adc8;
                        fill:url(#linearGradientTask);
                        stroke-width:2;
                        cursor:pointer;
                    }
                    .task_o {
                        stroke:#2cff20;
                        fill:url(#linearGradientTask);
                        stroke-width:2;
                        cursor:pointer;
                    }
                    .callactivity {
                        stroke:#79adc8;
                        fill:url(#linearGradientTask);
                        stroke-width:4;
                        cursor:pointer;
                    }

                    .callactivity_o {
                        stroke:#2cff20;
                        fill:url(#linearGradientTask);
                        stroke-width:4;
                        cursor:pointer;
                    }
                    .eventsubTask {
                        stroke:#79adc8;
                        fill:url(#linearGradientTask);
                        stroke-width:2;
                        cursor:pointer;
                        stroke-dasharray:6,4;
                    }

                    .eventsubTask_o {
                        stroke:#2cff20;
                        fill:url(#linearGradientTask);
                        stroke-width:2;
                        cursor:pointer;
                        stroke-dasharray:6,4;
                    }
                    .startEvent
                    {
                        stroke:#008000;
                        fill:url(#linearGradientStartEvent);
                        stroke-width:1.5;
                        cursor:pointer;
                    }

                    .startEvent_o
                    {
                        stroke:#2cff20;
                        fill:url(#linearGradientStartEvent);
                        stroke-width:1.5;
                        cursor: pointer;
                    }

                    .intermediateInterruptingEvent
                    {
                        stroke:#2c5aa0;
                        fill:url(#linearGradientIntermediateEvent);
                        fill-opacity:1;
                        stroke-width:1.5;
                        stroke-dasharray: 3,3;
                        /*stroke-dashoffset: 5;*/
                    }

                    .intermediateInterruptingEvent_o
                    {
                        stroke:#2cff20;
                        fill:url(#linearGradientIntermediateEvent);
                        fill-opacity:1;
                        stroke-width:1.5;
                        stroke-dasharray: 3,3;
                        /*stroke-dashoffset: 5;*/
                    }

                    .intermediateEvent
                    {
                        stroke:#2c5aa0;
                        fill:url(#linearGradientIntermediateEvent);
                        fill-opacity:1;
                        stroke-width:1.5;
                        cursor:pointer;
                    }

                    .intermediateEvent_o
                    {
                        stroke:#2cff20;
                        fill:url(#linearGradientIntermediateEvent);
                        fill-opacity:1;
                        stroke-width:1.5;
                        cursor:pointer;
                    }
                    .endEvent
                    {
                        stroke:#550000;
                        fill:url(#linearGradientEndEvent);
                        stroke-width:2.5;
                        cursor:pointer;
                    }

                    .endEvent_o
                    {
                        stroke:#2cff20;
                        fill:url(#linearGradientEndEvent);
                        stroke-width:2.5;
                        cursor:pointer;
                    }    

                    .gateway
                    {
                        stroke:#d4aa00;
                        fill:url(#linearGradientGateway);
                        stroke-width:2;
                        cursor:pointer;
                    }

                    .gateway_o
                    {
                        stroke:#2cff20;
                        fill:url(#linearGradientGateway);
                        stroke-width:2;
                        cursor:pointer;
                    }

                    .sequenceFlowSubLine {
                        fill:none;
                        stroke:#ffffff;
                        stroke-opacity:0.1;
                        stroke-width:8;
                        //cursor: pointer;
                    }

                    .sequenceFlowSubLine_o {
                        fill:none;
                        stroke:#2cff20;
                        stroke-width:8;
                        //cursor:pointer;
                    }

                    .swimlane
                    {
                        fill: #E8E8FF;
                        stroke-width:2;
                        stroke: #ADADAE;
                        fill-opacity:1;
                        //cursor:pointer;
                    }

                    .swimlane_o
                    {
                        stroke:#2cff20;
                        fill: #E8E8FF;
                        stroke-width:2;
                        fill-opacity:1;
                        //cursor: pointer;
                    }

                    .sequenceFlowLine {
                        fill: none;
                        stroke-width: 2;
                        stroke: #000000;
                        cursor:pointer;
                    }

                    .sequenceFlowLine_o {
                        fill: none;
                        stroke-width: 2;
                        stroke: #2cff20;
                        cursor:pointer;
                    }

                    .intermediateEvent1
                    {
                        stroke:#2c5aa0;
                        fill:none;
                        stroke-width:1;
                    }

                    .itemaware {
                        fill:url(#linearGradientDataObject);
                        stroke:#666666;
                        stroke-width:2;
                        cursor:pointer;
                    }

                    .itemaware_o {
                        fill:url(#linearGradientDataObject);
                        stroke:#2cff20;
                        stroke-width:2;
                        cursor:pointer;
                    }

                    .transactionSquare {
                        stroke:#2c5aa0;
                        cursor:pointer;
                        fill:none;
                        stroke-width:1.5;
                    }

                    .group {
                        stroke:#2c5aa0;
                        cursor:pointer;
                        fill:none;
                        stroke-width:1.5;
                    }

                    .annotationArtifact {
                        fill:none;
                        stroke:#000000;
                        stroke-width:1.5px;
                        cursor:pointer;
                    }

                    .annotationArtifactRect {
                        fill:none;
                        stroke:none;
                        fill:#E6E6E6;
                        fill-opacity:0.2;
                        cursor:pointer;
                    }

                    .annotationArtifactRect_o {
                        fill:none;
                        fill:#E6E6E6;
                        stroke:#2cff20;
                        fill-opacity:0.2;
                        cursor:pointer;
                    }

                    .group_o {
                        stroke:#2cff20;
                        cursor:pointer;
                        fill:none;
                        stroke-width:1.5;
                    }

                    .taskMarker
                    {
                        stroke:#2c5aa0;
                        cursor:pointer;
                    }

                    .pathMarker{
                        fill:none;
                        stroke-width:1;
                    }

                    .startMarker{
                        stroke:#008000;
                        fill:none;
                        stroke-width:2.5;                        
                    }

                    .startMarker{
                        stroke:#008000;
                        fill:none;
                        stroke-width:2.5;                        
                    }

                    .startFilledMarker{
                        fill:#008000;
                        stroke:none;
                        stroke-width:1;
                    }

                    .intermediateMarker{
                        stroke:#2c5aa0;
                        fill:#ffffff;
                        fill-opacity:0.1;
                        stroke-width:2.5;
                        cursor:pointer;
                    }

                    .intermediateFilledMarker {
                        fill:#2c5aa0;
                        stroke:#2c5aa0;
                        stroke-width:1;
                        cursor:pointer;
                    }

                    .endFilledMarked
                    {
                        fill:#550000;   
                        stroke:#550000;
                        stroke-width:1;
                        cursor:pointer;
                    }

                    .navPath {
                        fill:#e7e7e7;
                        stroke:gray;
                        stroke-width:1;
                    }

                    .navPathHidden {
                        fill:#e7e7e7;
                        stroke:gray;
                        stroke-width:1;
                        display:none;
                    }
                    ]]&gt;&lt;/style&gt;
                &lt;defs id="globalDef"&gt;
                &lt;!--Definición de gradientes para las figuras--&gt;
                &lt;linearGradient id="linearGradientStartEvent" x1="0%" y1="0%" x2="100%" y2="100%"&gt;
                &lt;stop offset="10%" style="stop-color:#ffffff;stop-opacity:1" /&gt;
                &lt;stop offset="90%" style="stop-color:#ccffaa;stop-opacity:1" /&gt;
                &lt;/linearGradient&gt;
                &lt;linearGradient id="linearGradientEndEvent" x1="0%" y1="0%" x2="100%" y2="100%"&gt;
                &lt;stop offset="10%" style="stop-color:#ffffff;stop-opacity:1" /&gt;
                &lt;stop offset="90%" style="stop-color:#e7c1c1;stop-opacity:1" /&gt;
                &lt;/linearGradient&gt;
                &lt;linearGradient id="linearGradientTask" x1="100%" y1="0%" x2="100%" y2="100%"&gt;
                &lt;stop offset="10%" style="stop-color:#ffffff;stop-opacity:1" /&gt;
                &lt;stop offset="100%" style="stop-color:#c1d3e1;stop-opacity:1" /&gt;
                &lt;/linearGradient&gt;
                &lt;linearGradient id="linearGradientIntermediateEvent" x1="0%" y1="0%" x2="100%" y2="100%"&gt;
                &lt;stop offset="10%" style="stop-color:#ffffff;stop-opacity:1" /&gt;
                &lt;stop offset="100%" style="stop-color:#87aade;stop-opacity:1" /&gt;
                &lt;/linearGradient&gt;
                &lt;linearGradient id="linearGradientGateway" x1="0%" y1="0%" x2="100%" y2="100%"&gt;
                &lt;stop offset="10%" style="stop-color:#FFFDE2;stop-opacity:1" /&gt;
                &lt;stop offset="100%" style="stop-color:#FFFAA6;stop-opacity:1" /&gt;
                &lt;/linearGradient&gt;
                &lt;linearGradient id="linearGradientDataObject" x1="0%" y1="0%" x2="100%" y2="100%"&gt;
                &lt;stop offset="10%" style="stop-color:#ffffff;stop-opacity:1" /&gt;
                &lt;stop offset="100%" style="stop-color:#afbac7;stop-opacity:1" /&gt;
                &lt;/linearGradient&gt;
                &lt;circle id="resizeBox" cx="0" cy="0" r="5" class="resizeBox"/&gt;
                &lt;!--definición de marcadores para las figuras--&gt;
                &lt;path id="errorMarker" d="m 0.5,1051.8622 17.0774,-39.6847 15.0444,21.9792 19.5171,-27.474 L 34.8582,1048.199 19.8137,1029.6795 0.5,1051.8622 z" transform="scale(0.35,0.35) translate(-26, -1030)" /&gt;
                &lt;g id="ruleMarker"&gt;
                &lt;path d="m 0,0 0,43.9063 46.75,0 0,-43.9063 z m 4.25,9.875 18.5,0 0,4.8438 -18.5,0 z m 20,0 18.5,0 0,4.8438 -18.5,0 z m -20,8 18.5,0 0,4.8438 -18.5,0 z m 20,0 18.5,0 0,4.8438 -18.5,0 z m -20,8 18.5,0 0,4.8438 -18.5,0 z m 20,0 18.5,0 0,4.8438 -18.5,0 z m -20,8 18.5,0 0,4.8438 -18.5,0 z m 20,0 18.5,0 0,4.8438 -18.5,0 z" transform="scale(0.32,0.32) translate(-23.5,-23.5)"/&gt;
                &lt;/g&gt;
                &lt;g id="taskRuleMarker" class="intermediateFilledMarker"&gt;
                &lt;path d="m 0,0 0,43.9063 46.75,0 0,-43.9063 z m 4.25,9.875 18.5,0 0,4.8438 -18.5,0 z m 20,0 18.5,0 0,4.8438 -18.5,0 z m -20,8 18.5,0 0,4.8438 -18.5,0 z m 20,0 18.5,0 0,4.8438 -18.5,0 z m -20,8 18.5,0 0,4.8438 -18.5,0 z m 20,0 18.5,0 0,4.8438 -18.5,0 z m -20,8 18.5,0 0,4.8438 -18.5,0 z m 20,0 18.5,0 0,4.8438 -18.5,0 z" transform="scale(0.32,0.32) translate(-23.5,-23.5)"/&gt;
                &lt;/g&gt;
                &lt;path id="multipleMarker" d="m 0,0 -33.73973,0.37343 -10.78131,-31.973 27.07653,-20.13383 27.51552,19.52961 z" transform="scale(0.35,0.35) translate(17,23)" /&gt;
                &lt;path id="parallelMarker" d="m 0,0 0,19.4788 -19.45519,0 0,10.5627 19.45519,0 0,19.4787 10.58626,0 0,-19.4787 19.47871,0 0,-10.5627 -19.47871,0 0,-19.4788 z" transform="scale(0.35,0.35) translate(-5, -25)"/&gt;
                &lt;path id="linkMarker" d="m 0,0 -20.432,-24.2007 0,16.9761 -25.0594,0 0,14.1289 25.0594,0 0,17.332 z" transform="scale(0.35,0.35) translate(23,0)"/&gt;
                &lt;path id="complexMarker" d="m 0,0 0,15.875 -11.25,-11.2187 -2.34375,2.3125 11.25,11.25 -15.90625,0 0,3.3125 15.90625,0 -11.25,11.2187 2.34375,2.3438 11.25,-11.2188 0,15.875 3.28125,0 0,-15.9062 11.25,11.25 2.3125,-2.3438 -11.21875,-11.2187 15.875,0 0,-3.3125 -15.875,0 11.21875,-11.2188 -2.3125,-2.3437 -11.25,11.25 0,-15.9063 z" transform="translate(-1, -20)"/&gt;
                &lt;path id="signalMarker" d="m 0,0 -23.59924,0 -23.59925,0 11.79962,-20.43755 11.79963,-20.43755 11.79962,20.43755 z" transform="scale(0.35,0.35) translate(24,14)"/&gt;
                &lt;path id="scalationMarker" transform="scale(0.35,0.35) translate(0,-26)" d="m 0,0 -21.34041,47.167 21.34041,-17.3811 21.340402,17.3811 -21.340402,-47.167 z" /&gt;
                &lt;path id="cancelMarker" d="m 0,0 -18.3627,18.3627 -18.3848004,-18.3848 -3.3366,3.3367 18.3847004,18.3847 -18.3847004,18.3848 3.3366,3.3367 18.3848004,-18.3848 18.3627,18.3627 3.3366,-3.3367 -18.3626,-18.3627 18.3626,-18.3626 z" transform="scale(0.35,0.35) translate(18, -22)"/&gt;
                &lt;g id="manualMarker" class="taskMarker" transform="scale(0.65)"&gt;
                &lt;path d="m 0,0 c -0.27155,0 -0.5225,0.072 -0.75179,0.1792 -0.007,0 -0.0189,0 -0.0259,0 -1.25518,0.3798 -2.16186,4.1013 -2.9035,6.1425 -0.22877,0.5536 -0.36294,1.1549 -0.36294,1.7916 l 0,4.7861 c 0,2.6228 2.13932,4.7348 4.79597,4.7348 l 5.0552,0 5.69034,0 7.72539,0 c 0.97664,0 1.76284,-0.7762 1.76284,-1.7404 0,-0.9641 -0.7862,-1.7403 -1.76284,-1.7403 l -3.11089,0 c 0.0118,-0.043 0.0283,-0.085 0.0389,-0.128 l 4.16081,0 c 0.97664,0 1.76285,-0.7762 1.76285,-1.7404 0,-0.9642 -2.73949,-1.7404 -1.76285,-1.7404 l -4.01823,0 0,-0.064 5.23667,0 c 0.97664,0 1.76284,-0.7762 1.76284,-1.7404 0,-0.9641 -0.7862,-1.7403 -1.76284,-1.7403 l -5.39221,0 c -0.0116,-0.046 -0.0132,-0.095 -0.0259,-0.1408 l 7.56984,0 c 0.97663,0 1.76284,-0.7762 1.76284,-1.7404 0,-0.9642 -0.78621,-1.7404 -1.76284,-1.7404 l -12.18433,0 -0.92031,0 c 0.69854,-0.2311 1.20547,-0.8686 1.20547,-1.638 0,-0.9642 -0.7862,-1.7404 -1.76284,-1.7404 l -10.01967,0 z" class="pathMarker"/&gt;
                &lt;/g&gt;
                &lt;g id="messageThrowMarker" transform="scale(1.3,1.3) translate(-7.5,-4.5)" &gt;
                &lt;path d="m 0,0 0,9.175062 14.84706,0 0,-9.175062 -0.0245,0 -7.40716,4.648917 -7.41535,-4.648917 z" style="stroke:#ffffff;stroke-opacity:0.4"/&gt;
                &lt;path d="m 0.6,0 6.88839,4.318911 6.88838,-4.318911" style="stroke:#ffffff;stroke-opacity:0.4"/&gt;
                &lt;/g&gt;
                &lt;g id="taskMessageThrowMarker" transform="scale(1.3,1.3) translate(-7.5,-4.5)" class="intermediateFilledMarker"&gt;
                &lt;path d="m 0,0 0,9.175062 14.84706,0 0,-9.175062 -0.0245,0 -7.40716,4.648917 -7.41535,-4.648917 z" style="stroke:#ffffff;stroke-opacity:0.4"/&gt;
                &lt;path d="m 0.6,0 6.88839,4.318911 6.88838,-4.318911" style="stroke:#ffffff;stroke-opacity:0.4"/&gt;
                &lt;/g&gt;
                &lt;g id="messageCatchMarker" transform="scale(0.35,0.35) translate(-27,-17)" &gt;
                &lt;rect width="52.704407" height="32.573116" x="0" y="0"/&gt;
                &lt;path d="m 0,0 26.30906,16.49536 26.30905,-16.49536"/&gt;
                &lt;/g&gt;
                &lt;g id="taskMessageCatchMarker" transform="scale(0.35,0.35) translate(-27,-17)" class="intermediateMarker"&gt;
                &lt;rect width="52.704407" height="32.573116" x="0" y="0"/&gt;
                &lt;path d="m 0,0 26.30906,16.49536 26.30905,-16.49536"/&gt;
                &lt;/g&gt;
                &lt;g id="compensaMarker" transform="scale(0.35,0.35) translate(-2,-13)"&gt;
                &lt;path d="m 0,0 -28.36636,0 14.18318,-24.56599 z" transform="matrix(0,-1,1,0,0,0)"/&gt;
                &lt;path d="m 0,0 -28.36636,0 14.18318,-24.56599 z" transform="matrix(0,-1,1,0,23,0)"/&gt;
                &lt;/g&gt;
                &lt;filter id="dropshadow" height="130%"&gt;
                    &lt;feGaussianBlur in="SourceAlpha" stdDeviation="3"/&gt; 
                    &lt;feOffset dx="0" dy="0" result="offsetblur"/&gt;
                    &lt;feComponentTransfer&gt;
                        &lt;feFuncA type="linear" slope="0.5"/&gt;
                    &lt;/feComponentTransfer&gt;
                    &lt;feMerge&gt; 
                        &lt;feMergeNode/&gt;
                        &lt;feMergeNode in="SourceGraphic"/&gt; 
                    &lt;/feMerge&gt;
                &lt;/filter&gt;
                &lt;g id="timerMarker" transform="scale(0.35,0.35) translate(-396,-219)" &gt;
                &lt;path d="m 232.18784,217.1541 a 40.089989,40.089989 0 1 1 -80.17997,0 40.089989,40.089989 0 1 1 80.17997,0 z" transform="matrix(0.6346099,0,0,0.6346099,274.19065,81.345956)"/&gt;
                &lt;path d="m 421.49964,219.1541 -8.76968,0"/&gt;
                &lt;path d="m 396.40906,193.78618 -0.0964,8.76915"/&gt;
                &lt;path d="m 370.76392,218.75252 8.76858,0.13882"/&gt;
                &lt;path d="m 396.04976,244.52342 0.0278,-8.76963"/&gt;
                &lt;path d="m 408.75323,219.1541 -12.86938,0"/&gt;
                &lt;path d="m 401.39526,204.36536 -4.8964,14.70678"/&gt;
                &lt;path d="m 414.26521,201.41346 -6.26889,6.13256"/&gt;
                &lt;path d="m 413.87083,237.28912 -6.13256,-6.26889"/&gt;
                &lt;path d="m 377.99517,236.89474 6.26889,-6.13256"/&gt;
                &lt;path d="m 378.38955,201.01908 6.13256,6.26889"/&gt;
                &lt;/g&gt;
                &lt;g id="userMarker" class="taskMarker" transform="scale(0.8) translate(0,-1042)"&gt;
                &lt;path d="m 0,1039 c -3.3158023,0 -6,2.8058 -6,6.25 0,2.0045 0.9288788,3.7654 2.34375,4.9062 -3.3002786,1.7745 -5.6842907,5.8793 -6,10.75 l 19.3125,0 c -0.3158218,-4.8705 -2.7074728,-8.9755 -6,-10.75 C 5.0711212,1049.0154 6,1047.2545 6,1045.25 6,1041.8058 3.3158023,1039 0,1039 z" class="pathMarker" /&gt;
                &lt;path d="m -377.4453,473.79996 a 9.3826418,9.3826418 0 0 1 -12.52292,0.66553" transform="matrix(0.6398828,0,0,0.66465394,245.76439,734.73647)" class="pathMarker" /&gt;
                &lt;path d="m -5.1190626,1060.732 0,-3.8413" class="pathMarker"/&gt;
                &lt;path d="m 5.1190626,1060.732 0,-3.8413" class="pathMarker" /&gt;
                &lt;path d="m 0.06204402,1039.6046 c -3.10856302,0 -5.66539592,2.4352 -5.68305502,5.5312 0.8963285,-1.0836 1.7094089,-1.6888 3.0835319,-1.6888 2.07094865,0 4.4437605,1.0758 6.2188589,0.7688 0.570252,-0.099 1.2624582,-0.3804 1.939646,-0.7272 -0.6073258,-2.271 -3.0493799,-3.884 -5.55898178,-3.884 z" style="fill:#2c5aa0;stroke-width:1;" /&gt;
                &lt;/g&gt;
                &lt;g id="serviceMarker" class="taskMarker" transform="scale(0.8)"&gt;
                &lt;path d="m 0,0 1.478093,-2.5912 c -0.762317,-0.4662 -1.601697,-0.8229 -2.495483,-1.0366 l -0.767843,2.8793 -2.495483,0 -0.787044,-2.8793 c -0.895236,0.2142 -1.733065,0.5691 -2.495483,1.0366 l 1.487693,2.5721 -1.766033,1.7659 -2.581869,-1.478 c -0.467511,0.7623 -0.822527,1.6003 -1.036583,2.4952 l 2.86981,0.7678 0,2.5048 -2.860209,0.7775 c 0.21606,0.8875 0.562993,1.7267 1.026982,2.4856 l 2.562669,-1.478" class="pathMarker" /&gt;
                &lt;path d="m 0,0 c -0.989621,0.2366 -1.915788,0.629 -2.758588,1.1457 l 1.644541,2.8433 -1.952235,1.9521 -2.85408,-1.6338 c -0.516803,0.8427 -0.909247,1.769 -1.145882,2.7583 l 3.172388,0.8488 0,2.769 -3.161774,0.8593 c 0.238849,0.9811 0.622356,1.9088 1.135268,2.7477 l 2.832859,-1.6337 1.952235,1.952 -1.633935,2.8539 c 0.84654,0.5219 1.774518,0.918 2.769203,1.1564 l 0.848804,-3.1828 2.758588,0 0.870025,3.1828 c 0.988288,-0.238 1.914849,-0.6289 2.758588,-1.1459 l -1.644542,-2.8431 1.952236,-1.9521 2.864694,1.6337 c 0.515612,-0.8389 0.908032,-1.7642 1.145874,-2.7477 l -3.182994,-0.8593 0,-2.769 3.182994,-0.87 c -0.237717,-0.9884 -0.628065,-1.9158 -1.145874,-2.7583 l -2.854088,1.655 -1.952235,-1.9521 1.633935,-2.8645 c -0.842691,-0.5152 -1.77056,-0.9096 -2.758588,-1.1457 l -0.848804,3.1828 -2.758588,0 z m 2.238708,5.697 c 1.994007,0 3.607392,1.6133 3.607392,3.6072 0,1.9938 -1.613385,3.6176 -3.607392,3.6176 -1.994007,0 -3.607392,-1.6238 -3.607392,-3.6176 0,-1.9939 1.613385,-3.6072 3.607392,-3.6072 z" class="pathMarker" /&gt;
                &lt;/g&gt;
                &lt;g id="scriptMarker" class="taskMarker"  transform="scale(0.7)"&gt;
                &lt;path d="m 0,0 c 3.5628793,2.98 3.5212524,7.9199 0,10.8403 l 0,0.1186 13.5952063,-10e-4 c 4.246065,-3.0502 4.698752,-8.6843 0.03211,-12.4597 -1.719778,-1.441 -2.097829,-3.2691 -2.297848,-5.5453 0,-1.9186 0.795633,-3.6321 2.05209,-4.7945 l -9.1791045,0 c -7.65536286,-0.3702 -8.7288909,8.3174 -4.2024826,11.8414 z" class="pathMarker" /&gt;
                &lt;path d="m 0,-8 9.5315769,0" class="pathMarker" /&gt;
                &lt;path d="m -0.5,-4.1568 9.5315769,0" class="pathMarker" /&gt;
                &lt;path d="m 2.5,0 9.5315769,0" class="pathMarker" /&gt;
                &lt;path d="m 4.5,4 9.5315768,0" class="pathMarker" /&gt;
                &lt;path d="m 4,8 9.5315768,0" class="pathMarker" /&gt;
                &lt;/g&gt;
                &lt;g id="subProcessMarker" class="taskMarker"&gt;
                &lt;rect x="-7" y="-7" width="14" height="14" style="fill:#ffffff;fill-opacity:0.1;"/&gt;
                &lt;path d="M-5 0 L5 0 M0 -5 L0 5"/&gt;
                &lt;/g&gt;
                &lt;marker id="sequenceArrow" viewBox="0 0 12 12" refX="0" refY="5" markerUnits="userSpaceOnUse" markerWidth="10" markerHeight="10" orient="auto" fill="black" stroke="none" stroke-dasharray="0"&gt;
                    &lt;path d="M 0 0 L 10 5 L 0 10"/&gt;
                &lt;/marker&gt;
                &lt;marker id="messageArrow" viewBox="0 0 12 12" refX="7" refY="5" markerUnits="userSpaceOnUse" markerWidth="10" markerHeight="10" orient="auto" fill="none" stroke="black" stroke-width="1.5" stroke-dasharray="0"&gt;
                    &lt;path d="M 0 0 L 10 5 L 0 10"/&gt;
                &lt;/marker&gt;
                &lt;marker id="conditionTail" viewBox="-6 -6 12 12" refX="3" refY="0" markerUnits="userSpaceOnUse" markerWidth="12" markerHeight="12" orient="auto" fill="none" stroke="black" stroke-width="1.5" stroke-dasharray="0"&gt;
                    &lt;rect x="-3" y="-3" width="6" height="6" transform="rotate(-45)"/&gt;
                &lt;/marker&gt;
                &lt;marker id="defaultTail" viewBox="0 0 12 12" refX="-3" refY="5" markerUnits="userSpaceOnUse" markerWidth="10" markerHeight="10" orient="auto" fill="none" stroke="black" stroke-width="2" stroke-dasharray="0"&gt;
                    &lt;path d="M 5 0 L 0 10"/&gt;
                &lt;/marker&gt;
                &lt;marker id="messageTail" viewBox="-5 -5 12 12" refX="3" refY="0" markerUnits="userSpaceOnUse" markerWidth="10" markerHeight="10" orient="auto" fill="none" stroke="black" stroke-width="1.5" stroke-dasharray="0"&gt;
                    &lt;circle r="3" /&gt;
                &lt;/marker&gt;
                &lt;!--Definición de eventos iniciales--&gt;
                &lt;circle id="startEvent" r="15" bclass="startEvent" oclass="startEvent_o"/&gt;
                &lt;g id="messageStartEvent" bclass="startEvent" oclass="startEvent_o"&gt;
                &lt;use xlink:href="#startEvent" x="0" y="0"/&gt;
                &lt;use xlink:href="#messageCatchMarker" x="0" y="0" class="startMarker"/&gt;
                &lt;/g&gt;
                &lt;g id="timerStartEvent" bclass="startEvent" oclass="startEvent_o"&gt;
                &lt;use xlink:href="#startEvent" x="0" y="0"/&gt;
                &lt;use xlink:href="#timerMarker" x="0" y="0" class="startMarker"/&gt;
                &lt;/g&gt;
                &lt;g id="ruleStartEvent" bclass="startEvent" oclass="startEvent_o"&gt;
                &lt;use xlink:href="#startEvent" x="0" y="0"/&gt;
                &lt;use xlink:href="#ruleMarker" x="0" y="0" class="startFilledMarker" transform="scale(1.1)"/&gt;
                &lt;/g&gt;
                &lt;g id="signalStartEvent" bclass="startEvent" oclass="startEvent_o"&gt;
                &lt;use xlink:href="#startEvent" x="0" y="0"/&gt;
                &lt;use xlink:href="#signalMarker" x="0" y="0" class="startMarker"/&gt;
                &lt;/g&gt;
                &lt;g id="multipleStartEvent" bclass="startEvent" oclass="startEvent_o"&gt;
                &lt;use xlink:href="#startEvent" x="0" y="0"/&gt;
                &lt;use xlink:href="#multipleMarker" x="0" y="0" class="startMarker"/&gt;
                &lt;/g&gt;
                &lt;g id="parallelStartEvent" bclass="startEvent" oclass="startEvent_o"&gt;
                &lt;use xlink:href="#startEvent" x="0" y="0"/&gt;
                &lt;use xlink:href="#parallelMarker" x="0" y="0" class="startMarker"/&gt;
                &lt;/g&gt;
                &lt;g id="scalationStartEvent" bclass="startEvent" oclass="startEvent_o"&gt;
                &lt;use xlink:href="#startEvent" x="0" y="0"/&gt;
                &lt;use xlink:href="#scalationMarker" x="0" y="0" class="startMarker"/&gt;
                &lt;/g&gt;
                &lt;g id="errorStartEvent" bclass="startEvent" oclass="startEvent_o"&gt;
                &lt;use xlink:href="#startEvent" x="0" y="0"/&gt;
                &lt;use xlink:href="#errorMarker" x="0" y="0" class="startMarker"/&gt;
                &lt;/g&gt;
                &lt;g id="compensationStartEvent" bclass="startEvent" oclass="startEvent_o"&gt;
                &lt;use xlink:href="#startEvent" x="0" y="0"/&gt;
                &lt;use xlink:href="#compensaMarker" x="0" y="0" class="startMarker"/&gt;
                &lt;/g&gt;
                &lt;!--Definición de eventos intermedios--&gt;
                &lt;g id="intermediateEvent" bclass="intermediateEvent" oclass="intermediateEvent_o"&gt;
                &lt;circle r="15"/&gt;
                &lt;circle r="12" class="intermediateEvent1"/&gt;
                &lt;/g&gt;
                &lt;g id="messageIntermediateCatchEvent" bclass="intermediateEvent" oclass="intermediateEvent_o"&gt;
                &lt;use xlink:href="#intermediateEvent" x="0" y="0"/&gt;
                &lt;use xlink:href="#messageCatchMarker" x="0" y="0" class="intermediateMarker"/&gt;
                &lt;/g&gt;
                &lt;g id="messageIntermediateThrowEvent" bclass="intermediateEvent" oclass="intermediateEvent_o"&gt;
                &lt;use xlink:href="#intermediateEvent" x="0" y="0"/&gt;
                &lt;use xlink:href="#messageThrowMarker" x="0" y="0" class="intermediateFilledMarker"/&gt;
                &lt;/g&gt;
                &lt;g id="timerIntermediateEvent" bclass="intermediateEvent" oclass="intermediateEvent_o"&gt;
                &lt;use xlink:href="#intermediateEvent" x="0" y="0"/&gt;
                &lt;use xlink:href="#timerMarker" x="0" y="0" class="intermediateMarker"/&gt;
                &lt;/g&gt;
                &lt;g id="errorIntermediateEvent" bclass="intermediateEvent" oclass="intermediateEvent_o"&gt;
                &lt;use xlink:href="#intermediateEvent" x="0" y="0"/&gt;
                &lt;use xlink:href="#errorMarker" x="0" y="0" class="intermediateMarker"/&gt;
                &lt;/g&gt;
                &lt;g id="cancelIntermediateEvent" bclass="intermediateEvent" oclass="intermediateEvent_o"&gt;
                &lt;use xlink:href="#intermediateEvent" x="0" y="0"/&gt;
                &lt;use xlink:href="#cancelMarker" x="0" y="0" class="intermediateFilledMarker"/&gt;
                &lt;/g&gt;
                &lt;g id="compensationIntermediateCatchEvent" bclass="intermediateEvent" oclass="intermediateEvent_o"&gt;
                &lt;use xlink:href="#intermediateEvent" x="0" y="0"/&gt;
                &lt;use xlink:href="#compensaMarker" x="0" y="0" class="intermediateMarker"/&gt;
                &lt;/g&gt;
                &lt;g id="compensationIntermediateThrowEvent" bclass="intermediateEvent" oclass="intermediateEvent_o"&gt;
                &lt;use xlink:href="#intermediateEvent" x="0" y="0"/&gt;
                &lt;use xlink:href="#compensaMarker" x="0" y="0" class="intermediateFilledMarker"/&gt;
                &lt;/g&gt;
                &lt;g id="ruleIntermediateEvent" bclass="intermediateEvent" oclass="intermediateEvent_o"&gt;
                &lt;use xlink:href="#intermediateEvent" x="0" y="0"/&gt;
                &lt;use xlink:href="#ruleMarker" x="0" y="0" class="intermediateFilledMarker"/&gt;
                &lt;/g&gt;
                &lt;g id="linkIntermediateCatchEvent" bclass="intermediateEvent" oclass="intermediateEvent_o"&gt;
                &lt;use xlink:href="#intermediateEvent" x="0" y="0"/&gt;
                &lt;use xlink:href="#linkMarker" x="0" y="0" class="intermediateMarker"/&gt;
                &lt;/g&gt;
                &lt;g id="linkIntermediateThrowEvent" bclass="intermediateEvent" oclass="intermediateEvent_o"&gt;
                &lt;use xlink:href="#intermediateEvent" x="0" y="0"/&gt;
                &lt;use xlink:href="#linkMarker" x="0" y="0" class="intermediateFilledMarker"/&gt;
                &lt;/g&gt;
                &lt;g id="signalIntermediateCatchEvent" bclass="intermediateEvent" oclass="intermediateEvent_o"&gt;
                &lt;use xlink:href="#intermediateEvent" x="0" y="0"/&gt;
                &lt;use xlink:href="#signalMarker" x="0" y="0" class="intermediateMarker"/&gt;
                &lt;/g&gt;
                &lt;g id="signalIntermediateThrowEvent" bclass="intermediateEvent" oclass="intermediateEvent_o"&gt;
                &lt;use xlink:href="#intermediateEvent" x="0" y="0"/&gt;
                &lt;use xlink:href="#signalMarker" x="0" y="0" class="intermediateFilledMarker"/&gt;
                &lt;/g&gt;
                &lt;g id="multipleIntermediateCatchEvent" bclass="intermediateEvent" oclass="intermediateEvent_o"&gt;
                &lt;use xlink:href="#intermediateEvent" x="0" y="0"/&gt;
                &lt;use xlink:href="#multipleMarker" x="0" y="0" class="intermediateMarker"/&gt;
                &lt;/g&gt;
                &lt;g id="multipleIntermediateThrowEvent" bclass="intermediateEvent" oclass="intermediateEvent_o"&gt;
                &lt;use xlink:href="#intermediateEvent" x="0" y="0"/&gt;
                &lt;use xlink:href="#multipleMarker" x="0" y="0" class="intermediateFilledMarker"/&gt;
                &lt;/g&gt;
                &lt;g id="scalationIntermediateCatchEvent" bclass="intermediateEvent" oclass="intermediateEvent_o"&gt;
                &lt;use xlink:href="#intermediateEvent" x="0" y="0"/&gt;
                &lt;use xlink:href="#scalationMarker" x="0" y="0" class="intermediateMarker"/&gt;
                &lt;/g&gt;
                &lt;g id="scalationIntermediateThrowEvent" bclass="intermediateEvent" oclass="intermediateEvent_o"&gt;
                &lt;use xlink:href="#intermediateEvent" x="0" y="0"/&gt;
                &lt;use xlink:href="#scalationMarker" x="0" y="0" class="intermediateFilledMarker"/&gt;
                &lt;/g&gt;
                &lt;g id="parallelIntermediateEvent" bclass="intermediateEvent" oclass="intermediateEvent_o"&gt;
                &lt;use xlink:href="#intermediateEvent" x="0" y="0"/&gt;
                &lt;use xlink:href="#parallelMarker" x="0" y="0" class="intermediateMarker"/&gt;
                &lt;/g&gt;
                &lt;!--Definición de eventos finales--&gt;
                &lt;circle id="endEvent" r="15" bclass="endEvent" oclass="endEvent_o"/&gt;

                &lt;g id="messageEndEvent" bclass="endEvent" oclass="endEvent_o"&gt;
                &lt;use xlink:href="#endEvent" x="0" y="0"/&gt;
                &lt;use xlink:href="#messageThrowMarker" x="0" y="0" class="endFilledMarked"/&gt;
                &lt;/g&gt;
                &lt;g id="signalEndEvent" bclass="endEvent" oclass="endEvent_o"&gt;
                &lt;use xlink:href="#endEvent" x="0" y="0"/&gt;
                &lt;use xlink:href="#signalMarker" x="0" y="0" class="endFilledMarked"/&gt;
                &lt;/g&gt;
                &lt;g id="scalationEndEvent" bclass="endEvent" oclass="endEvent_o"&gt;
                &lt;use xlink:href="#endEvent" x="0" y="0"/&gt;
                &lt;use xlink:href="#scalationMarker" x="0" y="0" class="endFilledMarked"/&gt;
                &lt;/g&gt;
                &lt;g id="errorEndEvent" bclass="endEvent" oclass="endEvent_o"&gt;
                &lt;use xlink:href="#endEvent" x="0" y="0"/&gt;
                &lt;use xlink:href="#errorMarker" x="0" y="0" class="endFilledMarked"/&gt;
                &lt;/g&gt;
                &lt;g id="multipleEndEvent" bclass="endEvent" oclass="endEvent_o"&gt;
                &lt;use xlink:href="#endEvent" x="0" y="0"/&gt;
                &lt;use xlink:href="#multipleMarker" x="0" y="0" class="endFilledMarked"/&gt;
                &lt;/g&gt;
                &lt;g id="cancelationEndEvent" bclass="endEvent" oclass="endEvent_o"&gt;
                &lt;use xlink:href="#endEvent" x="0" y="0"/&gt;
                &lt;use xlink:href="#cancelMarker" x="0" y="0" class="endFilledMarked"/&gt;
                &lt;/g&gt;
                &lt;g id="terminationEndEvent" bclass="endEvent" oclass="endEvent_o"&gt;
                &lt;use xlink:href="#endEvent" x="0" y="0"/&gt;
                &lt;circle r="8" class="endFilledMarked"/&gt;
                &lt;/g&gt;
                &lt;g id="compensationEndEvent" bclass="endEvent" oclass="endEvent_o"&gt;
                &lt;use xlink:href="#endEvent" x="0" y="0"/&gt;
                &lt;use xlink:href="#compensaMarker" x="0" y="0" class="endFilledMarked"/&gt;
                &lt;/g&gt;
                &lt;!--Definición de compuertas--&gt;
                &lt;rect id="gateway" x="-17.5" y="-17.5" width="35" height="35" bclass="gateway" oclass="gateway_o" transform="rotate(45,0,0)"/&gt;
                &lt;g id="exclusiveDataGateway" bclass="gateway" oclass="gateway_o" &gt;
                &lt;use xlink:href="#gateway" x="0" y="0"/&gt;
                &lt;use xlink:href="#cancelMarker" x="0" y="0" style="stroke:none;fill:#d4aa00" transform="scale(1.3,1.3)"/&gt;
                &lt;/g&gt;
                &lt;g id="inclusiveDataGateway" bclass="gateway" oclass="gateway_o" &gt;
                &lt;use xlink:href="#gateway" x="0" y="0"/&gt;
                &lt;circle r="14" style="fill:none;stroke:#d4aa00;stroke-width:2;"/&gt;
                &lt;/g&gt;
                &lt;g id="exclusiveStartGateway" bclass="gateway" oclass="gateway_o" &gt;
                &lt;use xlink:href="#gateway" x="0" y="0"/&gt;
                &lt;circle r="14" style="fill:none;stroke:#d4aa00;stroke-width:2;"/&gt;
                &lt;use xlink:href="#multipleMarker" x="0" y="0" style="fill:none;stroke:#d4aa00;stroke-width:4.5;" transform="scale(0.9,0.9)"/&gt;
                &lt;/g&gt;
                &lt;g id="eventGateway" bclass="gateway" oclass="gateway_o" &gt;
                &lt;use xlink:href="#gateway" x="0" y="0"/&gt;
                &lt;circle r="14" style="fill:none;stroke:#d4aa00;stroke-width:2;"/&gt;
                &lt;circle r="10" style="fill:none;stroke:#d4aa00;stroke-width:2;"/&gt;
                &lt;use xlink:href="#multipleMarker" x="0" y="0" style="fill:none;stroke:#d4aa00;stroke-width:6;" transform="scale(0.75,0.75)"/&gt;
                &lt;/g&gt;
                &lt;g id="parallelGateway" bclass="gateway" oclass="gateway_o" &gt;
                &lt;use xlink:href="#gateway" x="0" y="0"/&gt;
                &lt;use xlink:href="#parallelMarker" x="0" y="0" style="stroke:none;fill:#d4aa00" transform="scale(1.5,1.5)"/&gt;
                &lt;/g&gt;
                &lt;g id="parallelStartGateway" bclass="gateway" oclass="gateway_o" &gt;
                &lt;use xlink:href="#gateway" x="0" y="0"/&gt;
                &lt;circle r="14" style="fill:none;stroke:#d4aa00;stroke-width:2;"/&gt;
                &lt;use xlink:href="#parallelMarker" x="0" y="0" style="stroke:#d4aa00;fill:none;stroke-width:3.5;"/&gt;
                &lt;/g&gt;
                &lt;g id="complexGateway" bclass="gateway" oclass="gateway_o" &gt;
                &lt;use xlink:href="#gateway" x="0" y="0"/&gt;
                &lt;use xlink:href="#complexMarker" x="0" y="0" style="stroke:none;fill:#d4aa00" transform="scale(0.7,0.7)"/&gt;
                &lt;/g&gt;
                &lt;!--Definición de objetos de datos--&gt;
                &lt;g id="data" bclass="itemaware" oclass="itemaware_o"&gt;
                &lt;path transform="scale(0.7,0.7) translate(-3,-10)" d="m -25,-25 0,74.61135 58.22841,0 0,-55.2509 -19.88426,-19.36045 -38.34415,0 z"/&gt;
                &lt;path transform="scale(0.7,0.7) translate(-2,-10)" d="m 12.5,-24 0,19.5625 20.0601,0"/&gt;
                &lt;/g&gt;
                &lt;g id="dataStore" bclass="itemaware" oclass="itemaware_o" transform="translate(-12,-10)"&gt;
                &lt;path d="m 0,0 c -27.75868,0 -50.28125,5.6228 -50.28125,12.5625 0,0.1516 0.0412,0.2871 0.0625,0.4375 l -0.0625,0 0,61.5624 0,0.3125 0.0312,0 c 0.68314,6.7909 22.92187,12.25 50.25,12.25 27.3249498,0 49.53067,-5.4602 50.21875,-12.25 l 0.0312,0 0,-0.3125 0,-61.5624 -0.0312,0 c 0.0212,-0.1501 0.0312,-0.2862 0.0312,-0.4375 0,-6.9397 -22.4913202,-12.5625 -50.25,-12.5625 z" transform="scale(0.6,0.6) translate(22,-24)"/&gt;
                &lt;path d="m 0,0 c 0,6.9397 -22.5028602,12.5654 -50.26153,12.5654 -27.39179,0 -49.73975,-5.4833 -50.25272,-12.33" transform="scale(0.6,0.6) translate(72,-12)"/&gt;
                &lt;/g&gt;	
                &lt;g id="dataInput" bclass="itemaware" oclass="itemaware_o"&gt;
                &lt;use xlink:href="#data" x="0" y="0"/&gt;
                &lt;use xlink:href="#linkMarker" x="-12" y="-17" style="fill:none;stroke:#666666;stroke-width:2.5;" transform="scale(0.8,0.8)"/&gt;
                &lt;/g&gt;
                &lt;g id="dataOutput" bclass="itemaware" oclass="itemaware_o"&gt;
                &lt;use xlink:href="#data" x="0" y="0"/&gt;
                &lt;use xlink:href="#linkMarker" x="-12" y="-17" style="fill:#666666;stroke:none;stroke-width:2.5;" transform="scale(0.8,0.8)"/&gt;
                &lt;/g&gt;
                &lt;!--Definición de tareas--&gt;
                &lt;g id="task" styled="stroke:#2c5aa0"&gt;
                &lt;rect x="-50" y="-30" rx="10" ry="10" width="100" height="60" class="task"/&gt;
                &lt;/g&gt;
                &lt;g id="userTask" styled="stroke:#2c5aa0"&gt;
                &lt;use xlink:href="#task" x="0" y="0"/&gt;
                &lt;use xlink:href="#userMarker" transform="scale(0.8,0.8) translate(-45, -30)"/&gt;
                &lt;/g&gt;
                &lt;g id="serviceTask" styled="stroke:#2c5aa0"&gt;
                &lt;use xlink:href="#task" x="0" y="0"/&gt;
                &lt;use xlink:href="#serviceMarker" transform="scale(0.8,0.8) translate(-43, -27)"/&gt;
                &lt;/g&gt;
                &lt;g id="scriptTask" styled="stroke:#2c5aa0"&gt;
                &lt;use xlink:href="#task" x="0" y="0"/&gt;
                &lt;use xlink:href="#scriptMarker" transform="scale(0.7,0.7) translate(-60, -24)"/&gt;
                &lt;/g&gt;
                &lt;g id="ruleTask" styled="stroke:#2c5aa0"&gt;
                &lt;use xlink:href="#task" x="0" y="0"/&gt;
                &lt;use xlink:href="#ruleMarker" transform="translate(-35, -17)" style="fill:#2c5aa0;"/&gt;
                &lt;/g&gt;
                &lt;g id="sendTask" styled="stroke:#2c5aa0"&gt;
                &lt;use xlink:href="#task" x="0" y="0"/&gt;
                &lt;use xlink:href="#messageThrowMarker" transform="translate(-35, -19)" style="fill:#2c5aa0;"/&gt;
                &lt;/g&gt;
                &lt;g id="receiveTask" styled="stroke:#2c5aa0"&gt;
                &lt;use xlink:href="#task" x="0" y="0"/&gt;
                &lt;use xlink:href="#messageCatchMarker" transform="translate(-35, -19)" style="fill:none;stroke:#2c5aa0;stroke-width:3;"/&gt;
                &lt;/g&gt;
                &lt;g id="manualTask" styled="stroke:#2c5aa0"&gt;
                &lt;use xlink:href="#task" x="0" y="0"/&gt;
                &lt;use xlink:href="#manualMarker" transform="scale(0.7,0.7) translate(-60, -35)" style="fill:none;stroke:#2c5aa0;stroke-width:4;"/&gt;
                &lt;/g&gt;
                &lt;!--Definición de swimlanes--&gt;
                &lt;g id="pool" bclass="swimlane" oclass="swimlane_o"&gt;
                &lt;rect width="600" x="-300" y="-100" height="200" style="fill:#E8E8FF;stroke-width:2"/&gt;
                &lt;path d="m -280,-100 l 0,200" style="fill:none;stroke-width:2;"/&gt;
                &lt;/g&gt;
                &lt;/defs&gt;
                &lt;/svg&gt;&lt;script type="text/javascript"&gt;
             Modeler.init('modeler', {mode: 'view', layerNavigation: false}, callbackHandler);
             var zoomFactor = 1.1;
             var panRate = 50;
             //var panRateLR = 50;
             function callbackHandler() {
                 var strJSON = '{"uri":"test","nodes":[{"class":"Pool","uri":"http://www.demo.swb#swp_Pool:10","title":"Pool con un nombre muy largo ajustable a 200 pixeles","labelSize":"12","description":"Pool con un nombre muy largo ajustable a 200 pixeles","x":640,"y":380,"w":1200,"h":700,"isMultiInstance":false,"isSequentialMultiInstance":false,"isLoop":false,"isForCompensation":false},{"class":"Lane","uri":"http://www.demo.swb#swp_Lane:18","title":"Empleado","parent":"http://www.demo.swb#swp_Pool:10","labelSize":"12","description":"Empleado","x":650.0083312988281,"y":180,"w":1179.9833374023438,"h":300,"isMultiInstance":false,"isSequentialMultiInstance":false,"isLoop":false,"isForCompensation":false,"lindex":1},{"class":"Lane","uri":"http://www.demo.swb#swp_Lane:19","title":"Director","parent":"http://www.demo.swb#swp_Pool:10","labelSize":"12","description":"Director","x":650.0083312988281,"y":430,"w":1179.9833374023438,"h":200,"isMultiInstance":false,"isSequentialMultiInstance":false,"isLoop":false,"isForCompensation":false,"lindex":2},{"class":"Lane","uri":"http://www.demo.swb#swp_Lane:20","title":"RH","parent":"http://www.demo.swb#swp_Pool:10","labelSize":"12","description":"RH","x":650.0083312988281,"y":630,"w":1179.9833374023438,"h":200,"isMultiInstance":false,"isSequentialMultiInstance":false,"isLoop":false,"isForCompensation":false,"lindex":3},{"class":"CancelationEndEvent","uri":"http://www.demo.swb#swp_CancelationEndEvent:2","title":"Fin normal","parent":"http://www.demo.swb#swp_Lane:19","labelSize":"12","description":"Fin normal","x":1030,"y":420,"w":30,"h":30,"isMultiInstance":false,"isSequentialMultiInstance":false,"isLoop":false,"isForCompensation":false},{"class":"DataStore","uri":"http://www.demo.swb#swp_DataStore:18","title":"Solicitud","labelSize":"12","description":"Solicitud","x":160,"y":780,"w":60.4609375,"h":52.2734375,"isMultiInstance":false,"isSequentialMultiInstance":false,"isLoop":false,"isForCompensation":false,"isCollection":false},{"class":"EndEvent","uri":"http://www.demo.swb#swp_EndEvent:58","title":"Fin normal","parent":"http://www.demo.swb#swp_Lane:20","labelSize":"12","description":"Fin normal","x":1030,"y":630,"w":30,"h":30,"isMultiInstance":false,"isSequentialMultiInstance":false,"isLoop":false,"isForCompensation":false},{"class":"ExclusiveGateway","uri":"http://www.demo.swb#swp_ExclusiveGateway:13","title":"Exclusiva (datos)","parent":"http://www.demo.swb#swp_Lane:20","labelSize":"12","description":"Exclusiva (datos)","x":680,"y":630,"w":49.5,"h":49.5,"isMultiInstance":false,"isSequentialMultiInstance":false,"isLoop":false,"isForCompensation":false},{"class":"ConditionalFlow","uri":"http://www.demo.swb#swp_ConditionalFlow:9","start":"http://www.demo.swb#swp_ExclusiveGateway:13","end":"http://www.demo.swb#swp_InclusiveGateway:10"},{"class":"ConditionalFlow","uri":"http://www.demo.swb#swp_ConditionalFlow:11","start":"http://www.demo.swb#swp_ExclusiveGateway:13","end":"http://www.demo.swb#swp_ServiceTask:10"},{"class":"ExclusiveGateway","uri":"http://www.demo.swb#swp_ExclusiveGateway:14","title":"Exclusiva (datos)","parent":"http://www.demo.swb#swp_Lane:19","labelSize":"12","description":"Exclusiva (datos)","x":480,"y":420,"w":49.5,"h":49.5,"isMultiInstance":false,"isSequentialMultiInstance":false,"isLoop":false,"isForCompensation":false},{"class":"ConditionalFlow","uri":"http://www.demo.swb#swp_ConditionalFlow:7","start":"http://www.demo.swb#swp_ExclusiveGateway:14","end":"http://www.demo.swb#swp_InclusiveGateway:10"},{"class":"ConditionalFlow","uri":"http://www.demo.swb#swp_ConditionalFlow:8","start":"http://www.demo.swb#swp_ExclusiveGateway:14","end":"http://www.demo.swb#swp_UserTask:96"},{"class":"ConditionalFlow","uri":"http://www.demo.swb#swp_ConditionalFlow:10","start":"http://www.demo.swb#swp_ExclusiveGateway:14","end":"http://www.demo.swb#swp_UserTask:94"},{"class":"InclusiveGateway","uri":"http://www.demo.swb#swp_InclusiveGateway:10","title":"Inclusiva (datos)","parent":"http://www.demo.swb#swp_Lane:19","labelSize":"12","description":"Inclusiva (datos)","x":680,"y":420,"w":49.5,"h":49.5,"isMultiInstance":false,"isSequentialMultiInstance":false,"isLoop":false,"isForCompensation":false},{"class":"DefaultFlow","uri":"http://www.demo.swb#swp_DefaultFlow:5","start":"http://www.demo.swb#swp_InclusiveGateway:10","end":"http://www.demo.swb#swp_ServiceTask:9"},{"class":"ServiceTask","uri":"http://www.demo.swb#swp_ServiceTask:9","title":"Enviar Correo de Rechazo","parent":"http://www.demo.swb#swp_Lane:19","labelSize":"12","description":"Enviar Correo de Rechazo","x":870,"y":420,"w":100,"h":60,"isMultiInstance":false,"isSequentialMultiInstance":false,"isLoop":false,"isForCompensation":false},{"class":"SequenceFlow","uri":"http://www.demo.swb#swp_SequenceFlow:130","start":"http://www.demo.swb#swp_ServiceTask:9","end":"http://www.demo.swb#swp_CancelationEndEvent:2"},{"class":"ServiceTask","uri":"http://www.demo.swb#swp_ServiceTask:10","title":"Enviar Correo de Aprobacióán","parent":"http://www.demo.swb#swp_Lane:20","labelSize":"12","description":"Enviar Correo de Aprobacióán","x":880,"y":630,"w":100,"h":60,"isMultiInstance":false,"isSequentialMultiInstance":false,"isLoop":false,"isForCompensation":false},{"class":"SequenceFlow","uri":"http://www.demo.swb#swp_SequenceFlow:129","start":"http://www.demo.swb#swp_ServiceTask:10","end":"http://www.demo.swb#swp_EndEvent:58"},{"class":"StartEvent","uri":"http://www.demo.swb#swp_StartEvent:62","title":"Inicio normal","parent":"http://www.demo.swb#swp_Lane:18","labelSize":"12","description":"Inicio normal","x":130,"y":250,"w":30,"h":30,"isMultiInstance":false,"isSequentialMultiInstance":false,"isLoop":false,"isForCompensation":false},{"class":"SequenceFlow","uri":"http://www.demo.swb#swp_SequenceFlow:127","start":"http://www.demo.swb#swp_StartEvent:62","end":"http://www.demo.swb#swp_UserTask:94"},{"class":"UserTask","uri":"http://www.demo.swb#swp_UserTask:94","title":"Solicita Empleado","parent":"http://www.demo.swb#swp_Lane:18","labelSize":"12","description":"Solicita Empleado","x":280,"y":250,"w":108,"h":59,"isMultiInstance":false,"isSequentialMultiInstance":false,"isLoop":false,"isForCompensation":false},{"class":"SequenceFlow","uri":"http://www.demo.swb#swp_SequenceFlow:124","start":"http://www.demo.swb#swp_UserTask:94","end":"http://www.demo.swb#swp_UserTask:95"},{"class":"UserTask","uri":"http://www.demo.swb#swp_UserTask:95","title":"Aprueba Jefe","parent":"http://www.demo.swb#swp_Lane:19","labelSize":"12","description":"Aprueba Jefe","x":280,"y":420,"w":100,"h":60,"isMultiInstance":false,"isSequentialMultiInstance":false,"isLoop":false,"isForCompensation":false},{"class":"SequenceFlow","uri":"http://www.demo.swb#swp_SequenceFlow:128","start":"http://www.demo.swb#swp_UserTask:95","end":"http://www.demo.swb#swp_ExclusiveGateway:14"},{"class":"UserTask","uri":"http://www.demo.swb#swp_UserTask:96","title":"Valida RH","parent":"http://www.demo.swb#swp_Lane:20","labelSize":"12","description":"Valida RH","x":280,"y":630,"w":100,"h":60,"isMultiInstance":false,"isSequentialMultiInstance":false,"isLoop":false,"isForCompensation":false},{"class":"SequenceFlow","uri":"http://www.demo.swb#swp_SequenceFlow:126","start":"http://www.demo.swb#swp_UserTask:96","end":"http://www.demo.swb#swp_ExclusiveGateway:13"}]}';
                 Modeler.loadProcess(strJSON);

                 Modeler._svgSize = getDiagramSize();
                 //fitToScreen();
                 resetZoom();
             }
             function zoomin() {
                 var viewBox = document.getElementById("modeler").getAttribute('viewBox');
                 var viewBoxValues = viewBox.split(' ');

                 viewBoxValues[2] = parseFloat(viewBoxValues[2]);
                 viewBoxValues[3] = parseFloat(viewBoxValues[3]);

                 viewBoxValues[2] /= zoomFactor;
                 viewBoxValues[3] /= zoomFactor;

                 document.getElementById("modeler").setAttribute('viewBox', viewBoxValues.join(' '));
             }

             function zoomout() {
                 var viewBox = document.getElementById("modeler").getAttribute('viewBox');
                 var viewBoxValues = viewBox.split(' ');

                 viewBoxValues[2] = parseFloat(viewBoxValues[2]);
                 viewBoxValues[3] = parseFloat(viewBoxValues[3]);

                 viewBoxValues[2] *= zoomFactor;
                 viewBoxValues[3] *= zoomFactor;

                 document.getElementById("modeler").setAttribute('viewBox', viewBoxValues.join(' '));
             }

             function resetZoom() {
                 var el = document.getElementById("modeler");
                 el.setAttribute('viewBox', '0 0 ' + $("#modeler").parent().width() + ' ' + $("#modeler").parent().height());
                 el.setAttribute('width', '1024');
                 el.setAttribute('height', '768');
             }

             function handlePanning(code) {
                 var viewBox = document.getElementById("modeler").getAttribute('viewBox');
                 var viewBoxValues = viewBox.split(' ');
                 viewBoxValues[0] = parseFloat(viewBoxValues[0]);
                 viewBoxValues[1] = parseFloat(viewBoxValues[1]);

                 switch (code) {
                     case 'left':
                         viewBoxValues[0] += panRate;
                         break;
                     case 'right':
                         viewBoxValues[0] -= panRate;
                         break;
                     case 'up':
                         viewBoxValues[1] += panRate;
                         break;
                     case 'down':
                         viewBoxValues[1] -= panRate;
                         break;
                 }
                 document.getElementById("modeler").setAttribute('viewBox', viewBoxValues.join(' '));
             }

             function getDiagramSize() {
                 var cw = 0;
                 var ch = 0;
                 var fx = null;
                 var fy = null;
                 for (var i = 0; i &lt; ToolKit.contents.length; i++) {
                     var obj = ToolKit.contents[i];
                     if (obj.typeOf &amp;&amp; (obj.typeOf("GraphicalElement") || obj.typeOf("Pool"))) {
                         if (obj.layer === ToolKit.layer) {
                             if (obj.getX() &gt; cw) {
                                 cw = obj.getX();
                                 fx = obj;
                             }

                             if (obj.getY() &gt; ch) {
                                 ch = obj.getY();
                                 fy = obj;
                             }
                         }
                     }
                 }
                 cw = cw + fx.getBBox().width;
                 ch = ch + fy.getBBox().height;

                 var ret = {w: cw, h: ch};
                 return ret;
             }

             function fitToScreen() {
                 resetZoom();
                 var ws = $("#modeler").parent().width();
                 var hs = $("#modeler").parent().height();
                 var wi = Modeler._svgSize.w;
                 var hi = Modeler._svgSize.h;

                 if (wi &gt; ws || hi &gt; hs) {
                     var el = document.getElementById("modeler");
                     el.setAttribute('viewBox', '0 0 ' + wi + ' ' + hi);
                     el.setAttribute('width', ws);
                     el.setAttribute('height', hs);
                 }
             }
     &lt;/script&gt;
		</model>
	</root>