<model>
<id>documentador</id>
<namespace>http://www.documentador.swb#</namespace>
<title>documentador</title>
<description>Sitio de Financiera Rural de Desarrollo Agropecuario, Rural, Forestal y Pesquero </description>
<model>
<type>http://www.semanticwebbuilder.org/swb4/ontology#UserRepository</type>
<id>documentador_usr</id>
<namespace>http://user.documentador.swb#</namespace>
<title>Repositorio de usuarios(demo)</title>
<description>null</description>
</model>
<model>
<type>http://www.semanticwebbuilder.org/swb4/repository#Workspace</type>
<id>documentador_rep</id>
<namespace>http://repository.documentador.swb#</namespace>
<title>Repositorio de documentos(demo)</title>
<description>null</description>
</model>
</model>